deck,https://frm-wows-ru.wgcdn.co/wows_forum_ru/monthly_2018_05/Titanic1.thumb.jpg.2f155762a01bb182c99bcd30fda33bba.jpg
bulkheads,http://cn15.nevsedoma.com.ua/photo/11/1124/196_files/1-02.jpg,https://pics.livejournal.com/tov_tob/pic/007c59ya
double_buttom,http://titanicsociety.ru/wp-content/uploads/2016/10/8723b8a5-2103-4467-8dec-95946617c21a.jpg,http://titanicsociety.ru/wp-content/uploads/2016/10/halfplan1.jpg
masts,http://cn15.nevsedoma.com.ua/photo/11/1124/196_files/000.jpg,"https://cdn.shortpixel.ai/client/q_lossless,ret_img/https://onthedeep.com/wp-content/uploads/2019/08/titanic_leaving_april_2nd-678x381.jpg",http://titanicsociety.ru/wp-content/uploads/2016/10/WST-6-2.jpg
pipes,https://www.4tololo.ru/files/styles/large/public/images/20182803175551.jpg,https://avatars.mds.yandex.net/get-zen_doc/1540250/pub_5dc2a1ca98930900b460f889_5e4f4625c0bcaa46a9e7447e/scale_1200,https://avatars.mds.yandex.net/get-zen_doc/1950904/pub_5d640220d4f07a00ad004cc2_5d6418e1c7e50c00ad933e14/scale_1200
office_space,https://upload.wikimedia.org/wikipedia/commons/thumb/7/76/Passerelle_de_navigation_du_RMS_Olympic.jpg/1280px-Passerelle_de_navigation_du_RMS_Olympic.jpg?1586969440003,https://upload.wikimedia.org/wikipedia/commons/thumb/d/dd/2nd_class_elevator_%28RMS_Olympic%29.jpg/1024px-2nd_class_elevator_%28RMS_Olympic%29.jpg,https://upload.wikimedia.org/wikipedia/commons/thumb/9/94/Pantry_aboard_RMS_olympic.jpg/1024px-Pantry_aboard_RMS_olympic.jpg
power_point,https://avatars.mds.yandex.net/get-pdb/1042636/10d01ed9-085b-4718-a7e6-a5944a8576ce/s1200,https://i.pinimg.com/originals/70/32/90/7032903481e26a6e24cf85a38c224f00.jpg,http://titanicsociety.ru/wp-content/uploads/2016/10/db5fda33-f007-4b04-9f86-1e0414d020c8.jpg
steam_boiler,http://titanicsociety.ru/wp-content/uploads/2016/10/0570fa6e-8c6e-4fee-a26d-936e2bc9b228.jpg,https://lh3.googleusercontent.com/proxy/Kis_7i81zJ59EqGoGqUCOFqTVwbQPxvz7CQ732A5V_-f1BjF2MsqCjHr3X8zFtxGS9pOBLS-SGjH8WgJhKVnr9Noe5YTmVRtckqHUYuSXf4PeN8G78hXEIAox4yebiE,https://avatars.mds.yandex.net/get-pdb/1365646/b7d82c30-9869-4618-8d62-9200a61d3d28/s1200
tiller_machine,http://duck.show/wp-content/uploads/2018/07/21.jpeg,https://upload.wikimedia.org/wikipedia/commons/5/57/SteeringEngine.jpg,https://img-fotki.yandex.ru/get/4124/137106206.228/0_a4f7c_310e1eef_orig.jpg
electric_generator,https://upload.wikimedia.org/wikipedia/commons/thumb/7/73/Electrical_Power_Plant_%28Olympic-class_ocean_liner%29.jpg/1280px-Electrical_Power_Plant_%28Olympic-class_ocean_liner%29.jpg,https://i.pinimg.com/originals/b1/68/7a/b1687a5a17e2b42811a73d79d12ed8e7.jpg,https://pics.livejournal.com/tov_tob/pic/007fkfgx
electrical_appliances,https://trendymen.ru/images/sliders/446/slide4269.jpg,https://trendymen.ru/images/sliders/446/slide4264.jpg,https://trendymen.ru/images/sliders/446/slide4263.jpg
communication,https://upload.wikimedia.org/wikipedia/commons/d/d6/1913_Marconi_operator_room_for_5_kilowatt_ocean_liner_station.JPG,https://inform-ua.info/uploads/2020/01/radiorubka-titanika-1579776968.jpg,https://ic.pics.livejournal.com/alisha_96/16901527/1256493/1256493_original.jpg
water_supply,https://klauzura.ru/wp-content/uploads/2012/09/Ris.-32.-Plavatelnyi-bassein-I-klassa-na-Olimpike-.-1911-g.jpg,https://lh3.googleusercontent.com/proxy/cYOe2G37arhteh-TQ5Tibf0ZQGBIM8ymHcT-ywniAV5ZhdKNYD4cD2EHYFa3tyAEAJr9hCVnQwrMqzP-3Kg_6EQsSC0Bbhm4sbZl96VpB8OEJ0Fka6qqwZkGfQ,https://scontent-frx5-1.cdninstagram.com/v/t51.2885-15/sh0.08/e35/s640x640/83936382_222525862112226_6987096418054163555_n.jpg?_nc_ht=scontent-frx5-1.cdninstagram.com&_nc_cat=106&_nc_ohc=UD_GaChy1okAX-OBw-X&oh=c20f5ec4b7a9db3823f350ae3e7c2a20&oe=5EDD155A,https://www.vestnik.az/storage/2018/08/17/1b68088bb7d8bf9e99d3dfccf7790394.jpg
dinghies,https://img-s3.onedio.com/id-58f9d37620852a9211007923/rev-0/w-635/f-jpg-webp/s-21244d4a00fd72016f1ce803933c4796997cc74e.webp,http://duck.show/wp-content/uploads/2018/07/10.jpeg,https://img1.liveinternet.ru/images/attach/c/0//48/311/48311143_p114b.jpg
cabins,https://img-s3.onedio.com/id-58f9d37620852a921100792e/rev-0/w-635/f-jpg-webp/s-e160d5b7d6704e82fa443559f9357d53329cafa1.webp,https://img-s3.onedio.com/id-58f9d37620852a921100792a/rev-0/w-635/f-jpg-webp/s-72c27ddcd7bce859cf4f217e3d188a8f0c1d78bd.webp,https://img-s3.onedio.com/id-58f9d37620852a9211007924/rev-0/w-635/f-jpg-webp/s-5aa955104f0afc6f51026290fb1bdd7cf0c86dd3.webp
crew,https://img-s3.onedio.com/id-58f9d37620852a9211007920/rev-0/w-635/f-jpg-webp/s-fec321d0df1811a24919f3c24ccb3ac9944f6a88.webp,https://img-s3.onedio.com/id-58f9d37620852a921100792c/rev-0/w-635/f-jpg-webp/s-2d17a9deb1015bedd9988c7f2e14256fc5ba16de.webp,https://cdn.sm-news.ru/wp-content/uploads/2019/08/27/1547536175-21.jpg,https://img-fotki.yandex.ru/get/6206/46980979.47/0_99618_a7ccd54d_orig
public_premises,https://s3.nat-geo.ru/images/2019/4/10/6f7012d38aeb4a70b804649c209f7ed2.max-2000x1000.jpg,https://s3.nat-geo.ru/images/2019/4/10/ed91465d89704a7cbfeec853a164f2e4.max-2000x1000.jpg,https://img-s3.onedio.com/id-58f9d37620852a9211007927/rev-0/w-635/f-jpg-webp/s-05023502553f95b9b570587521d2193b4077d947.webp
passengers,https://ribalych.ru/wp-content/uploads/2017/04/titanik_000.jpg,https://lh3.googleusercontent.com/proxy/dvSQh1jDdvoKEUvxSkEXKvtFMV0JmSZQI0CuTUQ6DoyXvSKKUjZCtPFao9HcDkqvrnrqtmY69CLV2gSTRU6f1FWsi7USRLOvS_VUvwQ-TH7_MB0,https://bigpicture.ru/wp-content/uploads/2017/01/%D0%91%D0%B5%D0%B7%D1%8B%D0%BC%D1%8F%D0%BD%D0%BD%D1%8B%D0%B91.jpg
cargo_mail,https://www.gjenvick.com/Images600/Titanic/Photos/TitanicBeerAdvertisementForCGHibbertAndCo-1912-500.jpg,https://files.adme.ru/files/news/part_184/1845965/21577265-Bottled_beer_titanic-1532553267-728-b5766d9f9b-1533036439.jpg,https://titanicanatomy.files.wordpress.com/2018/04/2mvutaiuvbi.jpg?w=335&h=234
building_background,https://upload.wikimedia.org/wikipedia/commons/thumb/9/92/Whitestarline.svg/1024px-Whitestarline.svg.png,https://lh3.googleusercontent.com/proxy/EumhdBS11rj_sw6ickQu_amu5VUKuJHasHkynz_KUvgsHLUTTsx4ACyMJjb4rdV0I7PcM-SW1-VndVXPxoey4FKoJtyie2KFc8jSlYNW2KUb11vbGt0zCjSBf0x1gw,https://avatars.mds.yandex.net/get-pdb/224463/a8953f5f-3188-42da-827e-51692fcecd02/optimize
сonstruction_preparation,https://main-designyoutrust.netdna-ssl.com/wp-content/uploads/2015/11/3236.jpg?iv=67,https://main-designyoutrust.netdna-ssl.com/wp-content/uploads/2015/11/4224.jpg?iv=67,https://upload.wikimedia.org/wikipedia/commons/e/eb/Thomas_Andrews_%C3%BCl.jpg
slipway_period,https://avatars.mds.yandex.net/get-pdb/1346662/f0e10942-4943-422c-b550-619248eb0601/optimize,https://cdn22.img.ria.ru/images/120385/00/1203850004_0:124:1411:924_600x0_80_0_0_9b905b8bb294c9d03a3573a726787d01.jpg,https://main-designyoutrust.netdna-ssl.com/wp-content/uploads/2015/11/7148.jpg?iv=67
launching,https://main-designyoutrust.netdna-ssl.com/wp-content/uploads/2015/11/11184.jpg?iv=67,https://aftershock.news/sites/default/files/u12351/%D0%AD%D0%94%D0%92%D0%98%202020.04.10%2001%20%D0%A2%D0%B8%D1%82%D0%B0%D0%BD%D0%B8%D0%BA.jpg,https://sun9-67.userapi.com/c855328/v855328550/550b9/T8vKiS4MV3Q.jpg
сompletion_of_construction,https://vse-pro.com/wp-content/uploads/2019/02/1547536168-0.jpg,https://lh3.googleusercontent.com/proxy/5e75lr7gwBPXg_oamoUFf8iLIBum2vNTNUOGYnpta8-apfB_U3t3kPWCtP9sHKCRgU3WHylmHQ,https://diletant.media/upload/medialibrary/a53/a53dbd1ed60439ecf4910051346e30cc.jpg
sea_trials,https://img-s3.onedio.com/id-58f9d37620852a9211007930/rev-0/w-635/f-jpg-webp/s-7966ba65d48569410fc23890bd9a3b412a662619.webp,https://main-designyoutrust.netdna-ssl.com/wp-content/uploads/2015/11/3618.jpg?iv=67,http://duck.show/wp-content/uploads/2018/07/23.jpeg
